class,id,url
A,AFC-CSO-CRA,https://fedramp.gov/2026/reference/20x/a/related/
A,AFC-CSO-INB,https://fedramp.gov/2026/reference/20x/a/related/
A,AFC-CSO-RCV,https://fedramp.gov/2026/reference/20x/a/related/
A,CDS-CSO-PUB,https://fedramp.gov/2026/reference/20x/a/related/
A,CDS-CSO-UTC,https://fedramp.gov/2026/reference/20x/a/related/
A,CDS-UTC-AAD,https://fedramp.gov/2026/reference/20x/a/related/
A,CCM-OCR-AVL,https://fedramp.gov/2026/reference/20x/a/related/
A,CCM-OCR-NRD,https://fedramp.gov/2026/reference/20x/a/related/
A,IEC-CSO-EFR,https://fedramp.gov/2026/reference/20x/a/related/
A,IEC-CSO-FIR,https://fedramp.gov/2026/reference/20x/a/related/
A,IVV-CSX-AIA,https://fedramp.gov/2026/reference/20x/a/related/
A,MAS-CSO-IIR,https://fedramp.gov/2026/reference/20x/a/related/
A,VDR-CSO-DET,https://fedramp.gov/2026/reference/20x/a/related/
A,CDS-CSO-AVR,https://fedramp.gov/2026/reference/20x/a/related/
A,CPO-CSF-CPM,https://fedramp.gov/2026/reference/20x/a/related/
A,IEC-CSO-IIR,https://fedramp.gov/2026/reference/20x/a/related/
A,IEC-CSO-OIR,https://fedramp.gov/2026/reference/20x/a/related/
A,VDR-TFR-MVX,https://fedramp.gov/2026/reference/20x/a/related/
A,VDR-TFR-PCD,https://fedramp.gov/2026/reference/20x/a/related/
A,VDR-TFR-PDD,https://fedramp.gov/2026/reference/20x/a/related/
A,VDR-TFR-PSD,https://fedramp.gov/2026/reference/20x/a/related/
A,VDR-TFR-PVR,https://fedramp.gov/2026/reference/20x/a/related/
A,VER-TFR-EVU,https://fedramp.gov/2026/reference/20x/a/related/
A,CDS-CSO-PSM,https://fedramp.gov/2026/reference/20x/a/related/
A,CCM-QTR-MTG,https://fedramp.gov/2026/reference/20x/a/related/
A,CMU-CSO-UVM,https://fedramp.gov/2026/reference/20x/a/related/
A,IVV-CSO-FIA,https://fedramp.gov/2026/reference/20x/a/related/
A,SDR-CSX-KMT,https://fedramp.gov/2026/reference/20x/a/related/
A,VER-TFR-IRI,https://fedramp.gov/2026/reference/20x/a/related/
A,VER-TFR-MRH,https://fedramp.gov/2026/reference/20x/a/related/
A,VER-TFR-NRI,https://fedramp.gov/2026/reference/20x/a/related/
A,CPO-CSO-OVR,https://fedramp.gov/2026/reference/20x/a/related/
A,SDR-CSO-FRR,https://fedramp.gov/2026/reference/20x/a/related/
A,KSI-CED-RAT,https://fedramp.gov/2026/reference/20x/a/key-security-indicators/
A,KSI-CMT-LMC,https://fedramp.gov/2026/reference/20x/a/key-security-indicators/
A,KSI-CNA-RNT,https://fedramp.gov/2026/reference/20x/a/key-security-indicators/
A,KSI-IAM-AAM,https://fedramp.gov/2026/reference/20x/a/key-security-indicators/
A,KSI-IAM-APM,https://fedramp.gov/2026/reference/20x/a/key-security-indicators/
A,KSI-INR-RIR,https://fedramp.gov/2026/reference/20x/a/key-security-indicators/
A,KSI-SVC-SIN,https://fedramp.gov/2026/reference/20x/a/key-security-indicators/
A,CPO-CSX-CPM,https://fedramp.gov/2026/reference/20x/a/certification-package-overview/
A,FRC-CSO-FCP,https://fedramp.gov/2026/reference/20x/a/fedramp-certification/
A,FRC-CSO-PKG,https://fedramp.gov/2026/reference/20x/a/fedramp-certification/
A,FRC-CSO-JSN,https://fedramp.gov/2026/reference/20x/a/fedramp-certification/
A,FRC-CSO-MRA,https://fedramp.gov/2026/reference/20x/a/fedramp-certification/
A,FRC-CSO-POP,https://fedramp.gov/2026/reference/20x/a/fedramp-certification/
A,FRC-CLA-ASF,https://fedramp.gov/2026/reference/20x/a/fedramp-certification/
A,FRC-CLA-EAM,https://fedramp.gov/2026/reference/20x/a/fedramp-certification/
A,FRC-CLA-MFR,https://fedramp.gov/2026/reference/20x/a/fedramp-certification/
A,FRC-CLA-RFR,https://fedramp.gov/2026/reference/20x/a/fedramp-certification/
A,FRC-CLA-OFR,https://fedramp.gov/2026/reference/20x/a/fedramp-certification/
A,FRC-CLA-IVV,https://fedramp.gov/2026/reference/20x/a/fedramp-certification/
A,FRC-APP-MLF,https://fedramp.gov/2026/reference/20x/a/fedramp-certification/
A,FRC-APP-AFC,https://fedramp.gov/2026/reference/20x/a/fedramp-certification/
A,FRC-APP-FCP,https://fedramp.gov/2026/reference/20x/a/fedramp-certification/
A,FRC-APP-FIA,https://fedramp.gov/2026/reference/20x/a/fedramp-certification/
A,FRC-APP-NTP,https://fedramp.gov/2026/reference/20x/a/fedramp-certification/
A,FRC-APP-USA,https://fedramp.gov/2026/reference/20x/a/fedramp-certification/
A,MKT-FRP-SOF,https://fedramp.gov/2026/reference/20x/a/marketplace-listing/
A,MKT-CSO-MLR,https://fedramp.gov/2026/reference/20x/a/marketplace-listing/
A,MKT-CSO-PML,https://fedramp.gov/2026/reference/20x/a/marketplace-listing/
A,MKT-IAS-OFR,https://fedramp.gov/2026/reference/20x/a/marketplace-listing/
A,MKT-IAS-WEB,https://fedramp.gov/2026/reference/20x/a/marketplace-listing/
A,MKT-IAS-LRQ,https://fedramp.gov/2026/reference/20x/a/marketplace-listing/
A,MKT-CAS-WEB,https://fedramp.gov/2026/reference/20x/a/marketplace-listing/
A,MKT-CAS-LRQ,https://fedramp.gov/2026/reference/20x/a/marketplace-listing/
A,MKT-CAS-RFR,https://fedramp.gov/2026/reference/20x/a/marketplace-listing/
A,MKT-IIP-AGU,https://fedramp.gov/2026/reference/20x/a/marketplace-listing/
A,MKT-IIP-DCP,https://fedramp.gov/2026/reference/20x/a/marketplace-listing/
A,MKT-IIP-DLA,https://fedramp.gov/2026/reference/20x/a/marketplace-listing/
B,KSI-CED-RAT,https://fedramp.gov/2026/reference/20x/b/key-security-indicators/
B,KSI-CMT-LMC,https://fedramp.gov/2026/reference/20x/b/key-security-indicators/
B,KSI-CMT-RMV,https://fedramp.gov/2026/reference/20x/b/key-security-indicators/
B,KSI-CMT-RVP,https://fedramp.gov/2026/reference/20x/b/key-security-indicators/
B,KSI-CMT-VTD,https://fedramp.gov/2026/reference/20x/b/key-security-indicators/
B,KSI-CNA-DFP,https://fedramp.gov/2026/reference/20x/b/key-security-indicators/
B,KSI-CNA-EIS,https://fedramp.gov/2026/reference/20x/b/key-security-indicators/
B,KSI-CNA-IBP,https://fedramp.gov/2026/reference/20x/b/key-security-indicators/
B,KSI-CNA-MAT,https://fedramp.gov/2026/reference/20x/b/key-security-indicators/
B,KSI-CNA-OFA,https://fedramp.gov/2026/reference/20x/b/key-security-indicators/
B,KSI-CNA-RNT,https://fedramp.gov/2026/reference/20x/b/key-security-indicators/
B,KSI-CNA-RVP,https://fedramp.gov/2026/reference/20x/b/key-security-indicators/
B,KSI-CNA-ULN,https://fedramp.gov/2026/reference/20x/b/key-security-indicators/
B,KSI-IAM-AAM,https://fedramp.gov/2026/reference/20x/b/key-security-indicators/
B,KSI-IAM-APM,https://fedramp.gov/2026/reference/20x/b/key-security-indicators/
B,KSI-IAM-ELP,https://fedramp.gov/2026/reference/20x/b/key-security-indicators/
B,KSI-IAM-JIT,https://fedramp.gov/2026/reference/20x/b/key-security-indicators/
B,KSI-IAM-SNU,https://fedramp.gov/2026/reference/20x/b/key-security-indicators/
B,KSI-IAM-SUS,https://fedramp.gov/2026/reference/20x/b/key-security-indicators/
B,KSI-INR-AAR,https://fedramp.gov/2026/reference/20x/b/key-security-indicators/
B,KSI-INR-RIR,https://fedramp.gov/2026/reference/20x/b/key-security-indicators/
B,KSI-INR-RPI,https://fedramp.gov/2026/reference/20x/b/key-security-indicators/
B,KSI-MLA-ALA,https://fedramp.gov/2026/reference/20x/b/key-security-indicators/
B,KSI-MLA-EVC,https://fedramp.gov/2026/reference/20x/b/key-security-indicators/
B,KSI-MLA-LET,https://fedramp.gov/2026/reference/20x/b/key-security-indicators/
B,KSI-MLA-OSM,https://fedramp.gov/2026/reference/20x/b/key-security-indicators/
B,KSI-MLA-RVL,https://fedramp.gov/2026/reference/20x/b/key-security-indicators/
B,KSI-PIY-GIV,https://fedramp.gov/2026/reference/20x/b/key-security-indicators/
B,KSI-PIY-RES,https://fedramp.gov/2026/reference/20x/b/key-security-indicators/
B,KSI-PIY-RIS,https://fedramp.gov/2026/reference/20x/b/key-security-indicators/
B,KSI-PIY-RSD,https://fedramp.gov/2026/reference/20x/b/key-security-indicators/
B,KSI-PIY-RVD,https://fedramp.gov/2026/reference/20x/b/key-security-indicators/
B,KSI-RPL-ABO,https://fedramp.gov/2026/reference/20x/b/key-security-indicators/
B,KSI-RPL-ARP,https://fedramp.gov/2026/reference/20x/b/key-security-indicators/
B,KSI-RPL-RRO,https://fedramp.gov/2026/reference/20x/b/key-security-indicators/
B,KSI-RPL-TRC,https://fedramp.gov/2026/reference/20x/b/key-security-indicators/
B,KSI-SCR-MIT,https://fedramp.gov/2026/reference/20x/b/key-security-indicators/
B,KSI-SCR-MON,https://fedramp.gov/2026/reference/20x/b/key-security-indicators/
B,KSI-SVC-ACM,https://fedramp.gov/2026/reference/20x/b/key-security-indicators/
B,KSI-SVC-ASM,https://fedramp.gov/2026/reference/20x/b/key-security-indicators/
B,KSI-SVC-EIS,https://fedramp.gov/2026/reference/20x/b/key-security-indicators/
B,KSI-SVC-PRR,https://fedramp.gov/2026/reference/20x/b/key-security-indicators/
B,KSI-SVC-RUD,https://fedramp.gov/2026/reference/20x/b/key-security-indicators/
B,KSI-SVC-SIN,https://fedramp.gov/2026/reference/20x/b/key-security-indicators/
B,KSI-SVC-VCM,https://fedramp.gov/2026/reference/20x/b/key-security-indicators/
B,KSI-SVC-VRI,https://fedramp.gov/2026/reference/20x/b/key-security-indicators/
B,AFC-FRP-VRE,https://fedramp.gov/2026/reference/20x/b/addressing-fedramp-communication/
B,AFC-FRP-CDS,https://fedramp.gov/2026/reference/20x/b/addressing-fedramp-communication/
B,AFC-FRP-UFS,https://fedramp.gov/2026/reference/20x/b/addressing-fedramp-communication/
B,AFC-FRP-PNT,https://fedramp.gov/2026/reference/20x/b/addressing-fedramp-communication/
B,AFC-FRP-RQA,https://fedramp.gov/2026/reference/20x/b/addressing-fedramp-communication/
B,AFC-FRP-ERT,https://fedramp.gov/2026/reference/20x/b/addressing-fedramp-communication/
B,AFC-FRP-COR,https://fedramp.gov/2026/reference/20x/b/addressing-fedramp-communication/
B,AFC-FRP-RPM,https://fedramp.gov/2026/reference/20x/b/addressing-fedramp-communication/
B,AFC-CSO-INB,https://fedramp.gov/2026/reference/20x/b/addressing-fedramp-communication/
B,AFC-CSO-NOC,https://fedramp.gov/2026/reference/20x/b/addressing-fedramp-communication/
B,AFC-CSO-TFG,https://fedramp.gov/2026/reference/20x/b/addressing-fedramp-communication/
B,AFC-CSO-RCV,https://fedramp.gov/2026/reference/20x/b/addressing-fedramp-communication/
B,AFC-CSO-CRA,https://fedramp.gov/2026/reference/20x/b/addressing-fedramp-communication/
B,AFC-CSO-EMR,https://fedramp.gov/2026/reference/20x/b/addressing-fedramp-communication/
B,AFC-CSO-IMA,https://fedramp.gov/2026/reference/20x/b/addressing-fedramp-communication/
B,AFC-CSO-ACK,https://fedramp.gov/2026/reference/20x/b/addressing-fedramp-communication/
B,CCM-AGM-ROR,https://fedramp.gov/2026/reference/20x/b/collaborative-continuous-monitoring/
B,CCM-AGM-CSC,https://fedramp.gov/2026/reference/20x/b/collaborative-continuous-monitoring/
B,CCM-OCR-AVL,https://fedramp.gov/2026/reference/20x/b/collaborative-continuous-monitoring/
B,CCM-OCR-NRD,https://fedramp.gov/2026/reference/20x/b/collaborative-continuous-monitoring/
B,CCM-OCR-FBM,https://fedramp.gov/2026/reference/20x/b/collaborative-continuous-monitoring/
B,CCM-OCR-AFS,https://fedramp.gov/2026/reference/20x/b/collaborative-continuous-monitoring/
B,CCM-OCR-LSI,https://fedramp.gov/2026/reference/20x/b/collaborative-continuous-monitoring/
B,CCM-OCR-SOR,https://fedramp.gov/2026/reference/20x/b/collaborative-continuous-monitoring/
B,CCM-OCR-RPS,https://fedramp.gov/2026/reference/20x/b/collaborative-continuous-monitoring/
B,CCM-QTR-MTG,https://fedramp.gov/2026/reference/20x/b/collaborative-continuous-monitoring/
B,CCM-QTR-REG,https://fedramp.gov/2026/reference/20x/b/collaborative-continuous-monitoring/
B,CCM-QTR-NRD,https://fedramp.gov/2026/reference/20x/b/collaborative-continuous-monitoring/
B,CCM-QTR-NID,https://fedramp.gov/2026/reference/20x/b/collaborative-continuous-monitoring/
B,CCM-QTR-SAR,https://fedramp.gov/2026/reference/20x/b/collaborative-continuous-monitoring/
B,CCM-QTR-ACT,https://fedramp.gov/2026/reference/20x/b/collaborative-continuous-monitoring/
B,CCM-QTR-RTR,https://fedramp.gov/2026/reference/20x/b/collaborative-continuous-monitoring/
B,CCM-QTR-RTP,https://fedramp.gov/2026/reference/20x/b/collaborative-continuous-monitoring/
B,CCM-QTR-SRR,https://fedramp.gov/2026/reference/20x/b/collaborative-continuous-monitoring/
B,CCM-QTR-SCR,https://fedramp.gov/2026/reference/20x/b/collaborative-continuous-monitoring/
B,CDS-CSO-PUB,https://fedramp.gov/2026/reference/20x/b/certification-data-sharing/
B,CDS-CSO-SVC,https://fedramp.gov/2026/reference/20x/b/certification-data-sharing/
B,CDS-CSO-FID,https://fedramp.gov/2026/reference/20x/b/certification-data-sharing/
B,CDS-CSO-FRC,https://fedramp.gov/2026/reference/20x/b/certification-data-sharing/
B,CDS-CSO-AVR,https://fedramp.gov/2026/reference/20x/b/certification-data-sharing/
B,CDS-CSO-UTC,https://fedramp.gov/2026/reference/20x/b/certification-data-sharing/
B,CDS-CSO-CBF,https://fedramp.gov/2026/reference/20x/b/certification-data-sharing/
B,CDS-CSO-RIS,https://fedramp.gov/2026/reference/20x/b/certification-data-sharing/
B,CDS-CSO-IRP,https://fedramp.gov/2026/reference/20x/b/certification-data-sharing/
B,CDS-CSO-HAD,https://fedramp.gov/2026/reference/20x/b/certification-data-sharing/
B,CDS-CSO-PSM,https://fedramp.gov/2026/reference/20x/b/certification-data-sharing/
B,CDS-CSO-RPS,https://fedramp.gov/2026/reference/20x/b/certification-data-sharing/
B,CDS-TRC-USH,https://fedramp.gov/2026/reference/20x/b/certification-data-sharing/
B,CDS-TRC-PAC,https://fedramp.gov/2026/reference/20x/b/certification-data-sharing/
B,CDS-TRC-AAI,https://fedramp.gov/2026/reference/20x/b/certification-data-sharing/
B,CDS-TRC-ACL,https://fedramp.gov/2026/reference/20x/b/certification-data-sharing/
B,CDS-TRC-HMR,https://fedramp.gov/2026/reference/20x/b/certification-data-sharing/
B,CDS-TRC-SSM,https://fedramp.gov/2026/reference/20x/b/certification-data-sharing/
B,CDS-UTC-AAD,https://fedramp.gov/2026/reference/20x/b/certification-data-sharing/
B,CDS-UTC-AGA,https://fedramp.gov/2026/reference/20x/b/certification-data-sharing/
B,CMU-CSO-CMD,https://fedramp.gov/2026/reference/20x/b/cryptographic-module-use/
B,CMU-CSO-UVM,https://fedramp.gov/2026/reference/20x/b/cryptographic-module-use/
B,CMU-CSO-CAT,https://fedramp.gov/2026/reference/20x/b/cryptographic-module-use/
B,CPO-CSO-OVR,https://fedramp.gov/2026/reference/20x/b/certification-package-overview/
B,CPO-CSO-MTD,https://fedramp.gov/2026/reference/20x/b/certification-package-overview/
B,CPO-CSO-OSA,https://fedramp.gov/2026/reference/20x/b/certification-package-overview/
B,CPO-CSX-CPM,https://fedramp.gov/2026/reference/20x/b/certification-package-overview/
B,FRC-CSO-FCP,https://fedramp.gov/2026/reference/20x/b/fedramp-certification/
B,FRC-CSO-PKG,https://fedramp.gov/2026/reference/20x/b/fedramp-certification/
B,FRC-CSO-JSN,https://fedramp.gov/2026/reference/20x/b/fedramp-certification/
B,FRC-CSO-MRA,https://fedramp.gov/2026/reference/20x/b/fedramp-certification/
B,FRC-CSO-POP,https://fedramp.gov/2026/reference/20x/b/fedramp-certification/
B,FRC-APP-MLF,https://fedramp.gov/2026/reference/20x/b/fedramp-certification/
B,FRC-APP-AFC,https://fedramp.gov/2026/reference/20x/b/fedramp-certification/
B,FRC-APP-FCP,https://fedramp.gov/2026/reference/20x/b/fedramp-certification/
B,FRC-APP-FIA,https://fedramp.gov/2026/reference/20x/b/fedramp-certification/
B,FRC-APP-NTP,https://fedramp.gov/2026/reference/20x/b/fedramp-certification/
B,FRC-APP-USA,https://fedramp.gov/2026/reference/20x/b/fedramp-certification/
B,FRC-CSX-VVK,https://fedramp.gov/2026/reference/20x/b/fedramp-certification/
B,FRC-CSX-MOT,https://fedramp.gov/2026/reference/20x/b/fedramp-certification/
B,FRC-CSX-VVR,https://fedramp.gov/2026/reference/20x/b/fedramp-certification/
B,FRC-CSX-MAS,https://fedramp.gov/2026/reference/20x/b/fedramp-certification/
B,IEC-FRP-ORV,https://fedramp.gov/2026/reference/20x/b/incident-evaluation-and-communication/
B,IEC-CSO-EFR,https://fedramp.gov/2026/reference/20x/b/incident-evaluation-and-communication/
B,IEC-CSO-DPR,https://fedramp.gov/2026/reference/20x/b/incident-evaluation-and-communication/
B,IEC-CSO-IIR,https://fedramp.gov/2026/reference/20x/b/incident-evaluation-and-communication/
B,IEC-CSO-OIR,https://fedramp.gov/2026/reference/20x/b/incident-evaluation-and-communication/
B,IEC-CSO-FIR,https://fedramp.gov/2026/reference/20x/b/incident-evaluation-and-communication/
B,IEC-CSO-EFI,https://fedramp.gov/2026/reference/20x/b/incident-evaluation-and-communication/
B,IEC-CSO-AIR,https://fedramp.gov/2026/reference/20x/b/incident-evaluation-and-communication/
B,IVV-CSO-FIA,https://fedramp.gov/2026/reference/20x/b/independent-verification-and-validation/
B,IVV-CSO-SEI,https://fedramp.gov/2026/reference/20x/b/independent-verification-and-validation/
B,IVV-CSO-SEE,https://fedramp.gov/2026/reference/20x/b/independent-verification-and-validation/
B,IVV-CSO-ICP,https://fedramp.gov/2026/reference/20x/b/independent-verification-and-validation/
B,IVV-CSO-DUS,https://fedramp.gov/2026/reference/20x/b/independent-verification-and-validation/
B,IVV-CSO-STE,https://fedramp.gov/2026/reference/20x/b/independent-verification-and-validation/
B,IVV-CSO-USR,https://fedramp.gov/2026/reference/20x/b/independent-verification-and-validation/
B,IVV-CSO-RAA,https://fedramp.gov/2026/reference/20x/b/independent-verification-and-validation/
B,IVV-IAS-VIM,https://fedramp.gov/2026/reference/20x/b/independent-verification-and-validation/
B,IVV-IAS-VEF,https://fedramp.gov/2026/reference/20x/b/independent-verification-and-validation/
B,IVV-IAS-SUM,https://fedramp.gov/2026/reference/20x/b/independent-verification-and-validation/
B,IVV-IAS-OSA,https://fedramp.gov/2026/reference/20x/b/independent-verification-and-validation/
B,IVV-IAS-VIP,https://fedramp.gov/2026/reference/20x/b/independent-verification-and-validation/
B,IVV-IAS-EPX,https://fedramp.gov/2026/reference/20x/b/independent-verification-and-validation/
B,IVV-IAS-SHA,https://fedramp.gov/2026/reference/20x/b/independent-verification-and-validation/
B,IVV-CSX-AIA,https://fedramp.gov/2026/reference/20x/b/independent-verification-and-validation/
B,MAS-CSO-IIR,https://fedramp.gov/2026/reference/20x/b/minimum-assessment-scope/
B,MAS-CSO-FLO,https://fedramp.gov/2026/reference/20x/b/minimum-assessment-scope/
B,MAS-CSO-TPR,https://fedramp.gov/2026/reference/20x/b/minimum-assessment-scope/
B,MAS-CSO-MDI,https://fedramp.gov/2026/reference/20x/b/minimum-assessment-scope/
B,MAS-CSO-SUP,https://fedramp.gov/2026/reference/20x/b/minimum-assessment-scope/
B,MKT-FRP-SOF,https://fedramp.gov/2026/reference/20x/b/marketplace-listing/
B,MKT-CSO-MLR,https://fedramp.gov/2026/reference/20x/b/marketplace-listing/
B,MKT-CSO-PML,https://fedramp.gov/2026/reference/20x/b/marketplace-listing/
B,MKT-IAS-OFR,https://fedramp.gov/2026/reference/20x/b/marketplace-listing/
B,MKT-IAS-WEB,https://fedramp.gov/2026/reference/20x/b/marketplace-listing/
B,MKT-IAS-LRQ,https://fedramp.gov/2026/reference/20x/b/marketplace-listing/
B,MKT-CAS-WEB,https://fedramp.gov/2026/reference/20x/b/marketplace-listing/
B,MKT-CAS-LRQ,https://fedramp.gov/2026/reference/20x/b/marketplace-listing/
B,MKT-CAS-RFR,https://fedramp.gov/2026/reference/20x/b/marketplace-listing/
B,MKT-IIP-AGU,https://fedramp.gov/2026/reference/20x/b/marketplace-listing/
B,MKT-IIP-DCP,https://fedramp.gov/2026/reference/20x/b/marketplace-listing/
B,MKT-IIP-DLA,https://fedramp.gov/2026/reference/20x/b/marketplace-listing/
B,SCG-CSO-RSC,https://fedramp.gov/2026/reference/20x/b/secure-configuration-guide/
B,SCG-CSO-AUP,https://fedramp.gov/2026/reference/20x/b/secure-configuration-guide/
B,SCG-CSO-PUB,https://fedramp.gov/2026/reference/20x/b/secure-configuration-guide/
B,SCG-CSO-SDF,https://fedramp.gov/2026/reference/20x/b/secure-configuration-guide/
B,SCG-ENH-CMP,https://fedramp.gov/2026/reference/20x/b/secure-configuration-guide/
B,SCG-ENH-EXP,https://fedramp.gov/2026/reference/20x/b/secure-configuration-guide/
B,SCG-ENH-API,https://fedramp.gov/2026/reference/20x/b/secure-configuration-guide/
B,SCG-ENH-MRG,https://fedramp.gov/2026/reference/20x/b/secure-configuration-guide/
B,SCG-ENH-VRH,https://fedramp.gov/2026/reference/20x/b/secure-configuration-guide/
B,SCN-FRP-CAP,https://fedramp.gov/2026/reference/20x/b/significant-change-notification/
B,SCN-CSO-EVA,https://fedramp.gov/2026/reference/20x/b/significant-change-notification/
B,SCN-CSO-MAR,https://fedramp.gov/2026/reference/20x/b/significant-change-notification/
B,SCN-CSO-INF,https://fedramp.gov/2026/reference/20x/b/significant-change-notification/
B,SCN-CSO-HIS,https://fedramp.gov/2026/reference/20x/b/significant-change-notification/
B,SCN-CSO-HRM,https://fedramp.gov/2026/reference/20x/b/significant-change-notification/
B,SCN-CSO-ARI,https://fedramp.gov/2026/reference/20x/b/significant-change-notification/
B,SCN-CSO-NOM,https://fedramp.gov/2026/reference/20x/b/significant-change-notification/
B,SCN-CSO-EMG,https://fedramp.gov/2026/reference/20x/b/significant-change-notification/
B,SCN-ADP-NTF,https://fedramp.gov/2026/reference/20x/b/significant-change-notification/
B,SCN-RTR-NNR,https://fedramp.gov/2026/reference/20x/b/significant-change-notification/
B,SCN-TRF-NIP,https://fedramp.gov/2026/reference/20x/b/significant-change-notification/
B,SCN-TRF-NFP,https://fedramp.gov/2026/reference/20x/b/significant-change-notification/
B,SCN-TRF-NAF,https://fedramp.gov/2026/reference/20x/b/significant-change-notification/
B,SCN-TRF-NAV,https://fedramp.gov/2026/reference/20x/b/significant-change-notification/
B,SCN-TRF-UPD,https://fedramp.gov/2026/reference/20x/b/significant-change-notification/
B,SCN-TRF-TPR,https://fedramp.gov/2026/reference/20x/b/significant-change-notification/
B,SDR-CSO-FRR,https://fedramp.gov/2026/reference/20x/b/security-decision-record/
B,SDR-CSO-MTD,https://fedramp.gov/2026/reference/20x/b/security-decision-record/
B,SDR-CSX-KSI,https://fedramp.gov/2026/reference/20x/b/security-decision-record/
B,SDR-CSX-KMT,https://fedramp.gov/2026/reference/20x/b/security-decision-record/
B,VDR-CSO-DET,https://fedramp.gov/2026/reference/20x/b/vulnerability-detection-and-response/
B,VDR-CSO-RES,https://fedramp.gov/2026/reference/20x/b/vulnerability-detection-and-response/
B,VDR-CSO-FAV,https://fedramp.gov/2026/reference/20x/b/vulnerability-detection-and-response/
B,VDR-CSO-DFR,https://fedramp.gov/2026/reference/20x/b/vulnerability-detection-and-response/
B,VDR-CSO-ADT,https://fedramp.gov/2026/reference/20x/b/vulnerability-detection-and-response/
B,VDR-CSO-DAC,https://fedramp.gov/2026/reference/20x/b/vulnerability-detection-and-response/
B,VDR-CSO-MSP,https://fedramp.gov/2026/reference/20x/b/vulnerability-detection-and-response/
B,VDR-CSO-AKE,https://fedramp.gov/2026/reference/20x/b/vulnerability-detection-and-response/
B,VDR-CSO-SIR,https://fedramp.gov/2026/reference/20x/b/vulnerability-detection-and-response/
B,VDR-TFR-NMV,https://fedramp.gov/2026/reference/20x/b/vulnerability-detection-and-response/
B,VDR-TFR-PDD,https://fedramp.gov/2026/reference/20x/b/vulnerability-detection-and-response/
B,VDR-TFR-PCD,https://fedramp.gov/2026/reference/20x/b/vulnerability-detection-and-response/
B,VDR-TFR-PVR,https://fedramp.gov/2026/reference/20x/b/vulnerability-detection-and-response/
B,VDR-TFR-RMN,https://fedramp.gov/2026/reference/20x/b/vulnerability-detection-and-response/
B,VDR-TFR-KEV,https://fedramp.gov/2026/reference/20x/b/vulnerability-detection-and-response/
B,VDR-TFR-PSD,https://fedramp.gov/2026/reference/20x/b/vulnerability-detection-and-response/
B,VDR-TFR-MVX,https://fedramp.gov/2026/reference/20x/b/vulnerability-detection-and-response/
B,VER-FRP-ARP,https://fedramp.gov/2026/reference/20x/b/vulnerability-evaluation-and-reporting/
B,VER-FRP-ADV,https://fedramp.gov/2026/reference/20x/b/vulnerability-evaluation-and-reporting/
B,VER-AGM-RVR,https://fedramp.gov/2026/reference/20x/b/vulnerability-evaluation-and-reporting/
B,VER-AGM-MAP,https://fedramp.gov/2026/reference/20x/b/vulnerability-evaluation-and-reporting/
B,VER-EVA-ELX,https://fedramp.gov/2026/reference/20x/b/vulnerability-evaluation-and-reporting/
B,VER-EVA-EIR,https://fedramp.gov/2026/reference/20x/b/vulnerability-evaluation-and-reporting/
B,VER-EVA-EPA,https://fedramp.gov/2026/reference/20x/b/vulnerability-evaluation-and-reporting/
B,VER-EVA-AIA,https://fedramp.gov/2026/reference/20x/b/vulnerability-evaluation-and-reporting/
B,VER-EVA-GRV,https://fedramp.gov/2026/reference/20x/b/vulnerability-evaluation-and-reporting/
B,VER-EVA-EFP,https://fedramp.gov/2026/reference/20x/b/vulnerability-evaluation-and-reporting/
B,VER-EVA-EFA,https://fedramp.gov/2026/reference/20x/b/vulnerability-evaluation-and-reporting/
B,VER-RPT-PER,https://fedramp.gov/2026/reference/20x/b/vulnerability-evaluation-and-reporting/
B,VER-RPT-VDT,https://fedramp.gov/2026/reference/20x/b/vulnerability-evaluation-and-reporting/
B,VER-RPT-AVI,https://fedramp.gov/2026/reference/20x/b/vulnerability-evaluation-and-reporting/
B,VER-RPT-NID,https://fedramp.gov/2026/reference/20x/b/vulnerability-evaluation-and-reporting/
B,VER-RPT-HLO,https://fedramp.gov/2026/reference/20x/b/vulnerability-evaluation-and-reporting/
B,VER-RPT-RPD,https://fedramp.gov/2026/reference/20x/b/vulnerability-evaluation-and-reporting/
B,VER-TFR-MHR,https://fedramp.gov/2026/reference/20x/b/vulnerability-evaluation-and-reporting/
B,VER-TFR-MAV,https://fedramp.gov/2026/reference/20x/b/vulnerability-evaluation-and-reporting/
B,VER-TFR-MRH,https://fedramp.gov/2026/reference/20x/b/vulnerability-evaluation-and-reporting/
B,VER-TFR-EVU,https://fedramp.gov/2026/reference/20x/b/vulnerability-evaluation-and-reporting/
B,VER-TFR-IRI,https://fedramp.gov/2026/reference/20x/b/vulnerability-evaluation-and-reporting/
B,VER-TFR-NRI,https://fedramp.gov/2026/reference/20x/b/vulnerability-evaluation-and-reporting/
C,KSI-CED-RAT,https://fedramp.gov/2026/reference/20x/c/key-security-indicators/
C,KSI-CMT-LMC,https://fedramp.gov/2026/reference/20x/c/key-security-indicators/
C,KSI-CMT-RMV,https://fedramp.gov/2026/reference/20x/c/key-security-indicators/
C,KSI-CMT-RVP,https://fedramp.gov/2026/reference/20x/c/key-security-indicators/
C,KSI-CMT-VTD,https://fedramp.gov/2026/reference/20x/c/key-security-indicators/
C,KSI-CNA-DFP,https://fedramp.gov/2026/reference/20x/c/key-security-indicators/
C,KSI-CNA-EIS,https://fedramp.gov/2026/reference/20x/c/key-security-indicators/
C,KSI-CNA-IBP,https://fedramp.gov/2026/reference/20x/c/key-security-indicators/
C,KSI-CNA-MAT,https://fedramp.gov/2026/reference/20x/c/key-security-indicators/
C,KSI-CNA-OFA,https://fedramp.gov/2026/reference/20x/c/key-security-indicators/
C,KSI-CNA-RNT,https://fedramp.gov/2026/reference/20x/c/key-security-indicators/
C,KSI-CNA-RVP,https://fedramp.gov/2026/reference/20x/c/key-security-indicators/
C,KSI-CNA-ULN,https://fedramp.gov/2026/reference/20x/c/key-security-indicators/
C,KSI-IAM-AAM,https://fedramp.gov/2026/reference/20x/c/key-security-indicators/
C,KSI-IAM-APM,https://fedramp.gov/2026/reference/20x/c/key-security-indicators/
C,KSI-IAM-ELP,https://fedramp.gov/2026/reference/20x/c/key-security-indicators/
C,KSI-IAM-JIT,https://fedramp.gov/2026/reference/20x/c/key-security-indicators/
C,KSI-IAM-SNU,https://fedramp.gov/2026/reference/20x/c/key-security-indicators/
C,KSI-IAM-SUS,https://fedramp.gov/2026/reference/20x/c/key-security-indicators/
C,KSI-INR-AAR,https://fedramp.gov/2026/reference/20x/c/key-security-indicators/
C,KSI-INR-RIR,https://fedramp.gov/2026/reference/20x/c/key-security-indicators/
C,KSI-INR-RPI,https://fedramp.gov/2026/reference/20x/c/key-security-indicators/
C,KSI-MLA-ALA,https://fedramp.gov/2026/reference/20x/c/key-security-indicators/
C,KSI-MLA-EVC,https://fedramp.gov/2026/reference/20x/c/key-security-indicators/
C,KSI-MLA-LET,https://fedramp.gov/2026/reference/20x/c/key-security-indicators/
C,KSI-MLA-OSM,https://fedramp.gov/2026/reference/20x/c/key-security-indicators/
C,KSI-MLA-RVL,https://fedramp.gov/2026/reference/20x/c/key-security-indicators/
C,KSI-PIY-GIV,https://fedramp.gov/2026/reference/20x/c/key-security-indicators/
C,KSI-PIY-RES,https://fedramp.gov/2026/reference/20x/c/key-security-indicators/
C,KSI-PIY-RIS,https://fedramp.gov/2026/reference/20x/c/key-security-indicators/
C,KSI-PIY-RSD,https://fedramp.gov/2026/reference/20x/c/key-security-indicators/
C,KSI-PIY-RVD,https://fedramp.gov/2026/reference/20x/c/key-security-indicators/
C,KSI-RPL-ABO,https://fedramp.gov/2026/reference/20x/c/key-security-indicators/
C,KSI-RPL-ARP,https://fedramp.gov/2026/reference/20x/c/key-security-indicators/
C,KSI-RPL-RRO,https://fedramp.gov/2026/reference/20x/c/key-security-indicators/
C,KSI-RPL-TRC,https://fedramp.gov/2026/reference/20x/c/key-security-indicators/
C,KSI-SCR-MIT,https://fedramp.gov/2026/reference/20x/c/key-security-indicators/
C,KSI-SCR-MON,https://fedramp.gov/2026/reference/20x/c/key-security-indicators/
C,KSI-SVC-ACM,https://fedramp.gov/2026/reference/20x/c/key-security-indicators/
C,KSI-SVC-ASM,https://fedramp.gov/2026/reference/20x/c/key-security-indicators/
C,KSI-SVC-EIS,https://fedramp.gov/2026/reference/20x/c/key-security-indicators/
C,KSI-SVC-PRR,https://fedramp.gov/2026/reference/20x/c/key-security-indicators/
C,KSI-SVC-RUD,https://fedramp.gov/2026/reference/20x/c/key-security-indicators/
C,KSI-SVC-SIN,https://fedramp.gov/2026/reference/20x/c/key-security-indicators/
C,KSI-SVC-VCM,https://fedramp.gov/2026/reference/20x/c/key-security-indicators/
C,KSI-SVC-VRI,https://fedramp.gov/2026/reference/20x/c/key-security-indicators/
C,AFC-FRP-VRE,https://fedramp.gov/2026/reference/20x/c/addressing-fedramp-communication/
C,AFC-FRP-CDS,https://fedramp.gov/2026/reference/20x/c/addressing-fedramp-communication/
C,AFC-FRP-UFS,https://fedramp.gov/2026/reference/20x/c/addressing-fedramp-communication/
C,AFC-FRP-PNT,https://fedramp.gov/2026/reference/20x/c/addressing-fedramp-communication/
C,AFC-FRP-RQA,https://fedramp.gov/2026/reference/20x/c/addressing-fedramp-communication/
C,AFC-FRP-ERT,https://fedramp.gov/2026/reference/20x/c/addressing-fedramp-communication/
C,AFC-FRP-COR,https://fedramp.gov/2026/reference/20x/c/addressing-fedramp-communication/
C,AFC-FRP-RPM,https://fedramp.gov/2026/reference/20x/c/addressing-fedramp-communication/
C,AFC-CSO-INB,https://fedramp.gov/2026/reference/20x/c/addressing-fedramp-communication/
C,AFC-CSO-NOC,https://fedramp.gov/2026/reference/20x/c/addressing-fedramp-communication/
C,AFC-CSO-TFG,https://fedramp.gov/2026/reference/20x/c/addressing-fedramp-communication/
C,AFC-CSO-RCV,https://fedramp.gov/2026/reference/20x/c/addressing-fedramp-communication/
C,AFC-CSO-CRA,https://fedramp.gov/2026/reference/20x/c/addressing-fedramp-communication/
C,AFC-CSO-EMR,https://fedramp.gov/2026/reference/20x/c/addressing-fedramp-communication/
C,AFC-CSO-IMA,https://fedramp.gov/2026/reference/20x/c/addressing-fedramp-communication/
C,AFC-CSO-ACK,https://fedramp.gov/2026/reference/20x/c/addressing-fedramp-communication/
C,CCM-AGM-ROR,https://fedramp.gov/2026/reference/20x/c/collaborative-continuous-monitoring/
C,CCM-AGM-CSC,https://fedramp.gov/2026/reference/20x/c/collaborative-continuous-monitoring/
C,CCM-OCR-AVL,https://fedramp.gov/2026/reference/20x/c/collaborative-continuous-monitoring/
C,CCM-OCR-NRD,https://fedramp.gov/2026/reference/20x/c/collaborative-continuous-monitoring/
C,CCM-OCR-FBM,https://fedramp.gov/2026/reference/20x/c/collaborative-continuous-monitoring/
C,CCM-OCR-AFS,https://fedramp.gov/2026/reference/20x/c/collaborative-continuous-monitoring/
C,CCM-OCR-LSI,https://fedramp.gov/2026/reference/20x/c/collaborative-continuous-monitoring/
C,CCM-OCR-SOR,https://fedramp.gov/2026/reference/20x/c/collaborative-continuous-monitoring/
C,CCM-OCR-RPS,https://fedramp.gov/2026/reference/20x/c/collaborative-continuous-monitoring/
C,CCM-QTR-MTG,https://fedramp.gov/2026/reference/20x/c/collaborative-continuous-monitoring/
C,CCM-QTR-REG,https://fedramp.gov/2026/reference/20x/c/collaborative-continuous-monitoring/
C,CCM-QTR-NRD,https://fedramp.gov/2026/reference/20x/c/collaborative-continuous-monitoring/
C,CCM-QTR-NID,https://fedramp.gov/2026/reference/20x/c/collaborative-continuous-monitoring/
C,CCM-QTR-SAR,https://fedramp.gov/2026/reference/20x/c/collaborative-continuous-monitoring/
C,CCM-QTR-ACT,https://fedramp.gov/2026/reference/20x/c/collaborative-continuous-monitoring/
C,CCM-QTR-RTR,https://fedramp.gov/2026/reference/20x/c/collaborative-continuous-monitoring/
C,CCM-QTR-RTP,https://fedramp.gov/2026/reference/20x/c/collaborative-continuous-monitoring/
C,CCM-QTR-SRR,https://fedramp.gov/2026/reference/20x/c/collaborative-continuous-monitoring/
C,CCM-QTR-SCR,https://fedramp.gov/2026/reference/20x/c/collaborative-continuous-monitoring/
C,CDS-CSO-PUB,https://fedramp.gov/2026/reference/20x/c/certification-data-sharing/
C,CDS-CSO-SVC,https://fedramp.gov/2026/reference/20x/c/certification-data-sharing/
C,CDS-CSO-FID,https://fedramp.gov/2026/reference/20x/c/certification-data-sharing/
C,CDS-CSO-FRC,https://fedramp.gov/2026/reference/20x/c/certification-data-sharing/
C,CDS-CSO-AVR,https://fedramp.gov/2026/reference/20x/c/certification-data-sharing/
C,CDS-CSO-UTC,https://fedramp.gov/2026/reference/20x/c/certification-data-sharing/
C,CDS-CSO-CBF,https://fedramp.gov/2026/reference/20x/c/certification-data-sharing/
C,CDS-CSO-RIS,https://fedramp.gov/2026/reference/20x/c/certification-data-sharing/
C,CDS-CSO-IRP,https://fedramp.gov/2026/reference/20x/c/certification-data-sharing/
C,CDS-CSO-HAD,https://fedramp.gov/2026/reference/20x/c/certification-data-sharing/
C,CDS-CSO-PSM,https://fedramp.gov/2026/reference/20x/c/certification-data-sharing/
C,CDS-CSO-RPS,https://fedramp.gov/2026/reference/20x/c/certification-data-sharing/
C,CDS-TRC-USH,https://fedramp.gov/2026/reference/20x/c/certification-data-sharing/
C,CDS-TRC-PAC,https://fedramp.gov/2026/reference/20x/c/certification-data-sharing/
C,CDS-TRC-AAI,https://fedramp.gov/2026/reference/20x/c/certification-data-sharing/
C,CDS-TRC-ACL,https://fedramp.gov/2026/reference/20x/c/certification-data-sharing/
C,CDS-TRC-HMR,https://fedramp.gov/2026/reference/20x/c/certification-data-sharing/
C,CDS-TRC-SSM,https://fedramp.gov/2026/reference/20x/c/certification-data-sharing/
C,CDS-UTC-AAD,https://fedramp.gov/2026/reference/20x/c/certification-data-sharing/
C,CDS-UTC-AGA,https://fedramp.gov/2026/reference/20x/c/certification-data-sharing/
C,CMU-CSO-CMD,https://fedramp.gov/2026/reference/20x/c/cryptographic-module-use/
C,CMU-CSO-UVM,https://fedramp.gov/2026/reference/20x/c/cryptographic-module-use/
C,CMU-CSO-CAT,https://fedramp.gov/2026/reference/20x/c/cryptographic-module-use/
C,CPO-CSO-OVR,https://fedramp.gov/2026/reference/20x/c/certification-package-overview/
C,CPO-CSO-MTD,https://fedramp.gov/2026/reference/20x/c/certification-package-overview/
C,CPO-CSO-OSA,https://fedramp.gov/2026/reference/20x/c/certification-package-overview/
C,CPO-CSX-CPM,https://fedramp.gov/2026/reference/20x/c/certification-package-overview/
C,FRC-CSO-FCP,https://fedramp.gov/2026/reference/20x/c/fedramp-certification/
C,FRC-CSO-PKG,https://fedramp.gov/2026/reference/20x/c/fedramp-certification/
C,FRC-CSO-JSN,https://fedramp.gov/2026/reference/20x/c/fedramp-certification/
C,FRC-CSO-MRA,https://fedramp.gov/2026/reference/20x/c/fedramp-certification/
C,FRC-CSO-POP,https://fedramp.gov/2026/reference/20x/c/fedramp-certification/
C,FRC-APP-MLF,https://fedramp.gov/2026/reference/20x/c/fedramp-certification/
C,FRC-APP-AFC,https://fedramp.gov/2026/reference/20x/c/fedramp-certification/
C,FRC-APP-FCP,https://fedramp.gov/2026/reference/20x/c/fedramp-certification/
C,FRC-APP-FIA,https://fedramp.gov/2026/reference/20x/c/fedramp-certification/
C,FRC-APP-NTP,https://fedramp.gov/2026/reference/20x/c/fedramp-certification/
C,FRC-APP-USA,https://fedramp.gov/2026/reference/20x/c/fedramp-certification/
C,FRC-CSX-VVK,https://fedramp.gov/2026/reference/20x/c/fedramp-certification/
C,FRC-CSX-MOT,https://fedramp.gov/2026/reference/20x/c/fedramp-certification/
C,FRC-CSX-VVR,https://fedramp.gov/2026/reference/20x/c/fedramp-certification/
C,FRC-CSX-MAS,https://fedramp.gov/2026/reference/20x/c/fedramp-certification/
C,IEC-FRP-ORV,https://fedramp.gov/2026/reference/20x/c/incident-evaluation-and-communication/
C,IEC-CSO-EFR,https://fedramp.gov/2026/reference/20x/c/incident-evaluation-and-communication/
C,IEC-CSO-DPR,https://fedramp.gov/2026/reference/20x/c/incident-evaluation-and-communication/
C,IEC-CSO-IIR,https://fedramp.gov/2026/reference/20x/c/incident-evaluation-and-communication/
C,IEC-CSO-OIR,https://fedramp.gov/2026/reference/20x/c/incident-evaluation-and-communication/
C,IEC-CSO-FIR,https://fedramp.gov/2026/reference/20x/c/incident-evaluation-and-communication/
C,IEC-CSO-EFI,https://fedramp.gov/2026/reference/20x/c/incident-evaluation-and-communication/
C,IEC-CSO-AIR,https://fedramp.gov/2026/reference/20x/c/incident-evaluation-and-communication/
C,IVV-CSO-FIA,https://fedramp.gov/2026/reference/20x/c/independent-verification-and-validation/
C,IVV-CSO-SEI,https://fedramp.gov/2026/reference/20x/c/independent-verification-and-validation/
C,IVV-CSO-SEE,https://fedramp.gov/2026/reference/20x/c/independent-verification-and-validation/
C,IVV-CSO-ICP,https://fedramp.gov/2026/reference/20x/c/independent-verification-and-validation/
C,IVV-CSO-DUS,https://fedramp.gov/2026/reference/20x/c/independent-verification-and-validation/
C,IVV-CSO-STE,https://fedramp.gov/2026/reference/20x/c/independent-verification-and-validation/
C,IVV-CSO-USR,https://fedramp.gov/2026/reference/20x/c/independent-verification-and-validation/
C,IVV-CSO-RAA,https://fedramp.gov/2026/reference/20x/c/independent-verification-and-validation/
C,IVV-IAS-VIM,https://fedramp.gov/2026/reference/20x/c/independent-verification-and-validation/
C,IVV-IAS-VEF,https://fedramp.gov/2026/reference/20x/c/independent-verification-and-validation/
C,IVV-IAS-SUM,https://fedramp.gov/2026/reference/20x/c/independent-verification-and-validation/
C,IVV-IAS-OSA,https://fedramp.gov/2026/reference/20x/c/independent-verification-and-validation/
C,IVV-IAS-VIP,https://fedramp.gov/2026/reference/20x/c/independent-verification-and-validation/
C,IVV-IAS-EPX,https://fedramp.gov/2026/reference/20x/c/independent-verification-and-validation/
C,IVV-IAS-SHA,https://fedramp.gov/2026/reference/20x/c/independent-verification-and-validation/
C,IVV-CSX-AIA,https://fedramp.gov/2026/reference/20x/c/independent-verification-and-validation/
C,MAS-CSO-IIR,https://fedramp.gov/2026/reference/20x/c/minimum-assessment-scope/
C,MAS-CSO-FLO,https://fedramp.gov/2026/reference/20x/c/minimum-assessment-scope/
C,MAS-CSO-TPR,https://fedramp.gov/2026/reference/20x/c/minimum-assessment-scope/
C,MAS-CSO-MDI,https://fedramp.gov/2026/reference/20x/c/minimum-assessment-scope/
C,MAS-CSO-SUP,https://fedramp.gov/2026/reference/20x/c/minimum-assessment-scope/
C,MKT-FRP-SOF,https://fedramp.gov/2026/reference/20x/c/marketplace-listing/
C,MKT-CSO-MLR,https://fedramp.gov/2026/reference/20x/c/marketplace-listing/
C,MKT-CSO-PML,https://fedramp.gov/2026/reference/20x/c/marketplace-listing/
C,MKT-IAS-OFR,https://fedramp.gov/2026/reference/20x/c/marketplace-listing/
C,MKT-IAS-WEB,https://fedramp.gov/2026/reference/20x/c/marketplace-listing/
C,MKT-IAS-LRQ,https://fedramp.gov/2026/reference/20x/c/marketplace-listing/
C,MKT-CAS-WEB,https://fedramp.gov/2026/reference/20x/c/marketplace-listing/
C,MKT-CAS-LRQ,https://fedramp.gov/2026/reference/20x/c/marketplace-listing/
C,MKT-CAS-RFR,https://fedramp.gov/2026/reference/20x/c/marketplace-listing/
C,MKT-IIP-AGU,https://fedramp.gov/2026/reference/20x/c/marketplace-listing/
C,MKT-IIP-DCP,https://fedramp.gov/2026/reference/20x/c/marketplace-listing/
C,MKT-IIP-DLA,https://fedramp.gov/2026/reference/20x/c/marketplace-listing/
C,SCG-CSO-RSC,https://fedramp.gov/2026/reference/20x/c/secure-configuration-guide/
C,SCG-CSO-AUP,https://fedramp.gov/2026/reference/20x/c/secure-configuration-guide/
C,SCG-CSO-PUB,https://fedramp.gov/2026/reference/20x/c/secure-configuration-guide/
C,SCG-CSO-SDF,https://fedramp.gov/2026/reference/20x/c/secure-configuration-guide/
C,SCG-ENH-CMP,https://fedramp.gov/2026/reference/20x/c/secure-configuration-guide/
C,SCG-ENH-EXP,https://fedramp.gov/2026/reference/20x/c/secure-configuration-guide/
C,SCG-ENH-API,https://fedramp.gov/2026/reference/20x/c/secure-configuration-guide/
C,SCG-ENH-MRG,https://fedramp.gov/2026/reference/20x/c/secure-configuration-guide/
C,SCG-ENH-VRH,https://fedramp.gov/2026/reference/20x/c/secure-configuration-guide/
C,SCN-FRP-CAP,https://fedramp.gov/2026/reference/20x/c/significant-change-notification/
C,SCN-CSO-EVA,https://fedramp.gov/2026/reference/20x/c/significant-change-notification/
C,SCN-CSO-MAR,https://fedramp.gov/2026/reference/20x/c/significant-change-notification/
C,SCN-CSO-INF,https://fedramp.gov/2026/reference/20x/c/significant-change-notification/
C,SCN-CSO-HIS,https://fedramp.gov/2026/reference/20x/c/significant-change-notification/
C,SCN-CSO-HRM,https://fedramp.gov/2026/reference/20x/c/significant-change-notification/
C,SCN-CSO-ARI,https://fedramp.gov/2026/reference/20x/c/significant-change-notification/
C,SCN-CSO-NOM,https://fedramp.gov/2026/reference/20x/c/significant-change-notification/
C,SCN-CSO-EMG,https://fedramp.gov/2026/reference/20x/c/significant-change-notification/
C,SCN-ADP-NTF,https://fedramp.gov/2026/reference/20x/c/significant-change-notification/
C,SCN-RTR-NNR,https://fedramp.gov/2026/reference/20x/c/significant-change-notification/
C,SCN-TRF-NIP,https://fedramp.gov/2026/reference/20x/c/significant-change-notification/
C,SCN-TRF-NFP,https://fedramp.gov/2026/reference/20x/c/significant-change-notification/
C,SCN-TRF-NAF,https://fedramp.gov/2026/reference/20x/c/significant-change-notification/
C,SCN-TRF-NAV,https://fedramp.gov/2026/reference/20x/c/significant-change-notification/
C,SCN-TRF-UPD,https://fedramp.gov/2026/reference/20x/c/significant-change-notification/
C,SCN-TRF-TPR,https://fedramp.gov/2026/reference/20x/c/significant-change-notification/
C,SDR-CSO-FRR,https://fedramp.gov/2026/reference/20x/c/security-decision-record/
C,SDR-CSO-MTD,https://fedramp.gov/2026/reference/20x/c/security-decision-record/
C,SDR-CSX-KSI,https://fedramp.gov/2026/reference/20x/c/security-decision-record/
C,SDR-CSX-KMT,https://fedramp.gov/2026/reference/20x/c/security-decision-record/
C,VDR-CSO-DET,https://fedramp.gov/2026/reference/20x/c/vulnerability-detection-and-response/
C,VDR-CSO-RES,https://fedramp.gov/2026/reference/20x/c/vulnerability-detection-and-response/
C,VDR-CSO-FAV,https://fedramp.gov/2026/reference/20x/c/vulnerability-detection-and-response/
C,VDR-CSO-DFR,https://fedramp.gov/2026/reference/20x/c/vulnerability-detection-and-response/
C,VDR-CSO-ADT,https://fedramp.gov/2026/reference/20x/c/vulnerability-detection-and-response/
C,VDR-CSO-DAC,https://fedramp.gov/2026/reference/20x/c/vulnerability-detection-and-response/
C,VDR-CSO-MSP,https://fedramp.gov/2026/reference/20x/c/vulnerability-detection-and-response/
C,VDR-CSO-AKE,https://fedramp.gov/2026/reference/20x/c/vulnerability-detection-and-response/
C,VDR-CSO-SIR,https://fedramp.gov/2026/reference/20x/c/vulnerability-detection-and-response/
C,VDR-TFR-NMV,https://fedramp.gov/2026/reference/20x/c/vulnerability-detection-and-response/
C,VDR-TFR-PDD,https://fedramp.gov/2026/reference/20x/c/vulnerability-detection-and-response/
C,VDR-TFR-PCD,https://fedramp.gov/2026/reference/20x/c/vulnerability-detection-and-response/
C,VDR-TFR-PVR,https://fedramp.gov/2026/reference/20x/c/vulnerability-detection-and-response/
C,VDR-TFR-RMN,https://fedramp.gov/2026/reference/20x/c/vulnerability-detection-and-response/
C,VDR-TFR-KEV,https://fedramp.gov/2026/reference/20x/c/vulnerability-detection-and-response/
C,VDR-TFR-PSD,https://fedramp.gov/2026/reference/20x/c/vulnerability-detection-and-response/
C,VDR-TFR-MVX,https://fedramp.gov/2026/reference/20x/c/vulnerability-detection-and-response/
C,VER-FRP-ARP,https://fedramp.gov/2026/reference/20x/c/vulnerability-evaluation-and-reporting/
C,VER-FRP-ADV,https://fedramp.gov/2026/reference/20x/c/vulnerability-evaluation-and-reporting/
C,VER-AGM-RVR,https://fedramp.gov/2026/reference/20x/c/vulnerability-evaluation-and-reporting/
C,VER-AGM-MAP,https://fedramp.gov/2026/reference/20x/c/vulnerability-evaluation-and-reporting/
C,VER-EVA-ELX,https://fedramp.gov/2026/reference/20x/c/vulnerability-evaluation-and-reporting/
C,VER-EVA-EIR,https://fedramp.gov/2026/reference/20x/c/vulnerability-evaluation-and-reporting/
C,VER-EVA-EPA,https://fedramp.gov/2026/reference/20x/c/vulnerability-evaluation-and-reporting/
C,VER-EVA-AIA,https://fedramp.gov/2026/reference/20x/c/vulnerability-evaluation-and-reporting/
C,VER-EVA-GRV,https://fedramp.gov/2026/reference/20x/c/vulnerability-evaluation-and-reporting/
C,VER-EVA-EFP,https://fedramp.gov/2026/reference/20x/c/vulnerability-evaluation-and-reporting/
C,VER-EVA-EFA,https://fedramp.gov/2026/reference/20x/c/vulnerability-evaluation-and-reporting/
C,VER-RPT-PER,https://fedramp.gov/2026/reference/20x/c/vulnerability-evaluation-and-reporting/
C,VER-RPT-VDT,https://fedramp.gov/2026/reference/20x/c/vulnerability-evaluation-and-reporting/
C,VER-RPT-AVI,https://fedramp.gov/2026/reference/20x/c/vulnerability-evaluation-and-reporting/
C,VER-RPT-NID,https://fedramp.gov/2026/reference/20x/c/vulnerability-evaluation-and-reporting/
C,VER-RPT-HLO,https://fedramp.gov/2026/reference/20x/c/vulnerability-evaluation-and-reporting/
C,VER-RPT-RPD,https://fedramp.gov/2026/reference/20x/c/vulnerability-evaluation-and-reporting/
C,VER-TFR-MHR,https://fedramp.gov/2026/reference/20x/c/vulnerability-evaluation-and-reporting/
C,VER-TFR-MAV,https://fedramp.gov/2026/reference/20x/c/vulnerability-evaluation-and-reporting/
C,VER-TFR-MRH,https://fedramp.gov/2026/reference/20x/c/vulnerability-evaluation-and-reporting/
C,VER-TFR-EVU,https://fedramp.gov/2026/reference/20x/c/vulnerability-evaluation-and-reporting/
C,VER-TFR-IRI,https://fedramp.gov/2026/reference/20x/c/vulnerability-evaluation-and-reporting/
C,VER-TFR-NRI,https://fedramp.gov/2026/reference/20x/c/vulnerability-evaluation-and-reporting/
